mean_tp_min_max,mean_st_min_max,max_tp_min_max,max_st_min_max,sum_st_min_max,sum_tp_min_max,num_tp_min_max,num_st_min_max,num_trade_min_max,score_min_max,mean_tp_pr,mean_st_pr,max_tp_pr,max_st_pr,sum_st_pr,sum_tp_pr,num_tp_pr,num_st_pr,num_trade_pr,diff_top_upper_pr,diff_top_lower_pr,score_pr,methode,high_period,low_period,distance_lines,min_tp,max_st,alfa,signal,score_buy,score_sell
0.08701157615561375,0.06665835366263174,0.5311509085580616,0.21053081551301298,20.269723840274864,14.55317025066898,85,242,327,0.5285778192467837,0.02650327347066956,0.028419325140395368,0.4750118431814,0.7343722013254556,0.5846233423287364,0.9624401684934778,16,11,27,0.17481889800036293,0.12114178751970334,153.01581459672028,pr,12,6,5,0.17,0.25,0.299,"buy,sell",0,0
