score_min_max,score_pr,mean_tp_pr,mean_st_pr,max_tp_pr,max_st_pr,sum_st_pr,sum_tp_pr,num_tp_pr,num_st_pr,num_trade_pr,max_st,max_tp,value_min_upper_cci_pr,methode,high_period,low_period,distance_lines,cross_line,signal,score_buy,score_sell
0,18902.892039550934,0.07947141339881285,0.09082048251392899,0.4697689778622107,0.8937437934459971,5.410821643287307,11.71809292775542,43,6,49,0.2022816613343654,0.28678469298848386,-123.47918110802159,pr,831,609.0,2,78,"buy,sell",9451.446019775467,0
