score_min_max,score_pr,mean_tp_pr,mean_st_pr,max_tp_pr,max_st_pr,sum_st_pr,sum_tp_pr,num_tp_pr,num_st_pr,num_trade_pr,max_st,max_tp,value_min_upper_cci_pr,methode,high_period,low_period,distance_lines,cross_line,signal,score_buy,score_sell
0,239143.14712796122,0.1398696783954813,0.21660760320851283,0.361884211031638,1.224129227662984,27.264596908142735,43.944735509521074,199,22,221,0.18119309365488095,0.2265758052584933,-133.40909177826057,pr,1018,733.0,6,84,"buy,sell",119571.57356398061,0
