score_min_max,score_pr,mean_tp_pr,mean_st_pr,max_tp_pr,max_st_pr,sum_st_pr,sum_tp_pr,num_tp_pr,num_st_pr,num_trade_pr,max_st,max_tp,ramp_vol,value_back,value_front,power_pr_high,power_pr_low,methode,fast_period,slow_period,signal_period,apply_to,alpha,signal,score_buy,score_sell
0,43835.3586945135,0.21112614288680145,0.1999947754635205,0.4567237606579651,0.6887599103110128,9.977698239673037,19.308340788526486,73,15,88,0.65,0.30028531424054306,-11.82237171334067,0.00040631266395456975,0.00048037865197061687,0.36853903877872984,0.4261414984196525,pr,398,837,12,high,0.94,"buy,sell",21917.67934725675,0
