score_min_max,score_pr,mean_tp_pr,mean_st_pr,max_tp_pr,max_st_pr,sum_st_pr,sum_tp_pr,num_tp_pr,num_st_pr,num_trade_pr,max_st,max_tp,methode,fast_period,slow_period,signal_period,apply_to,alpha,signal,score_buy,score_sell
0,43698.581068916516,0.17449121487699498,0.1575891374920424,0.4540109260334327,0.43111300018217025,32.54935822388249,43.12756714881992,129,78,207,0.46373764436941467,0.4172994644087498,pr,100,150,2,open,0.1,"buy,sell",21849.290534458258,0
