score_min_max,score_pr,mean_tp_pr,mean_st_pr,max_tp_pr,max_st_pr,sum_st_pr,sum_tp_pr,num_tp_pr,num_st_pr,num_trade_pr,max_st,max_tp,methode,fast_period,slow_period,signal_period,apply_to,alpha,signal,score_buy,score_sell
0,26236.470872359223,0.08401366786709645,0.05027287192761381,0.22531139735578296,0.1764127001733504,13.460671162304939,20.99339320432596,128,85,213,0.1574693871803893,0.1764127001733504,pr,50.0,150,2,close,0.42,"buy,sell",13118.235436179611,0
