,mean_tp_pr,mean_st_pr,max_tp_pr,max_st_pr,sum_st_pr,sum_tp_pr,num_tp_pr,num_st_pr,num_trade_pr,max_st,max_st_power,min_st,min_st_power,max_tp,max_tp_power,min_tp,min_tp_power,value_front_intervals_pr_upper,value_front_intervals_pr_upper_power,value_front_intervals_pr_lower,value_front_intervals_pr_lower_power,value_back_intervals_pr_upper,value_back_intervals_pr_upper_power,value_back_intervals_pr_lower,value_back_intervals_pr_lower_power,diff_extereme,money,draw_down,score,methode
0,1.3093987459467171,0.6486331550843814,2.799119806115773,6.180818557785779,44.68419139153842,75.29316283421383,42,33,79,1.74,0.05,1.32,0.05,1.49,1.0,1.39,0.7142857142857143,1.9315928977873769,0.2,0.3041958127833841,0.8,-6.347419627440285,0.6666666666666666,-8.07789396504818,0.6666666666666666,0,176.52242860668846,20.132692065571696,0.1082195519917117,pr
1,2.03373628128171,0.9101799651857864,4.913454906453737,4.166524315480605,5.434324825350015,11.581847581203595,5,4,16,2.59,0.3333333333333333,1.28,1.0,7.63,1.0,4.33,0.25,0.0,0.0,0.0,0.0,0.0,0.0,0.0,0.0,0,115.36880688963394,10.338874280203283,0.2078758959268278,pr
