,num_st_pr,num_tp_pr,num_trade_pr,score,max_tp_pr,max_st_pr,mean_tp_pr,mean_st_pr,sum_st_pr,sum_tp_pr,money,draw_down,max_st,max_st_power,min_st,min_st_power,max_tp,max_tp_power,min_tp,min_tp_power,value_front_intervals_pr_upper,value_front_intervals_pr_upper_power,value_front_intervals_pr_lower,value_front_intervals_pr_lower_power,value_back_intervals_pr_upper,value_back_intervals_pr_upper_power,value_back_intervals_pr_lower,value_back_intervals_pr_lower_power,diff_extereme,methode
0,18,27,45,0.0520735663104141,15.564585683708875,10.257460394288591,3.642679484195516,1.936602586686476,71.25039162185536,129.4402419910548,260.7551249152922,17.9622780628219,,,,,,,,,,,,,,,,,,
1,8,6,14,0.0324203088370934,6.938568009025061,3.9804729765736,3.010678395989726,1.7049768056703825,13.467921617172433,36.04463298751091,156.44177842584617,5.214417129079354,0.0,0.0,0.0,0.0,0.0,0.0,0.0,0.0,0.0,0.0,0.0,0.0,0.0,0.0,0.0,0.0,0.0,pr
2,0,1,1,1.0,4.961956521739142,0.0,4.961956521739142,0.0,0.0,4.961956521739142,112.40489130434786,0.0,0.0,0.0,0.0,0.0,0.0,0.0,0.0,0.0,0.0,0.0,0.0,0.0,0.0,0.0,0.0,0.0,0.0,pr
