,mean_tp_pr,mean_st_pr,max_tp_pr,max_st_pr,sum_st_pr,sum_tp_pr,num_tp_pr,num_st_pr,num_trade_pr,max_st,max_st_power,min_st,min_st_power,max_tp,max_tp_power,min_tp,min_tp_power,value_front_intervals_pr_upper,value_front_intervals_pr_upper_power,value_front_intervals_pr_lower,value_front_intervals_pr_lower_power,value_back_intervals_pr_upper,value_back_intervals_pr_upper_power,value_back_intervals_pr_lower,value_back_intervals_pr_lower_power,diff_extereme,money,draw_down,score,methode
0,2.9927354790598115,1.0464381680460393,10.998946627953323,6.999915937714789,15.063587491701224,82.85581438923543,26,5,31,13.28,0.3333333333333333,4.06,0.3333333333333333,18.36,0.3333333333333333,8.76,0.6666666666666666,0.0,0.0,0.0,0.0,0.0,0.0,0.0,0.0,0,348.174885221138,7.073006305286168,47.80927361792736,pr
1,3.0272228924208813,2.1329664751225317,7.686771302969328,7.626576864549478,13.416091912287364,25.0986149037617,8,2,10,7.98,0.6666666666666666,6.43,0.6666666666666666,17.24,1.0,15.82,1.0,-4.393044593386273,1.0,-8.2145755696361,0.3333333333333333,-28.804526585818056,0.6666666666666666,-35.429549462022116,0.6666666666666666,0,129.20630747868583,11.3336697748566,14.381312087894099,pr
2,3.8805068246218695,1.8634457782279301,14.697709407204467,7.060956554617638,43.88522080429651,56.272513600390525,11,16,27,11.21,0.3333333333333333,4.16,0.16666666666666666,18.18,0.2857142857142857,12.18,0.2857142857142857,60.04640253912919,0.25,18.607187577001426,0.5,-2.2405345101260963,1.0,-83.86074623451509,0.5,0,130.96823199023504,21.209694320295217,20.58531867036545,pr
