,mean_tp_pr,mean_st_pr,max_tp_pr,max_st_pr,sum_st_pr,sum_tp_pr,num_tp_pr,num_st_pr,num_trade_pr,max_st,max_st_power,min_st,min_st_power,max_tp,max_tp_power,min_tp,min_tp_power,value_front_intervals_pr_upper,value_front_intervals_pr_upper_power,value_front_intervals_pr_lower,value_front_intervals_pr_lower_power,value_back_intervals_pr_upper,value_back_intervals_pr_upper_power,value_back_intervals_pr_lower,value_back_intervals_pr_lower_power,diff_extereme,money,draw_down,score,methode
0,3.390484693661564,0.5975336101224716,17.345814935151726,7.074935981273789,11.311820226571625,52.6017099772517,9,10,47,1.68,0.0909090909090909,1.51,0.1818181818181818,4.95,0.2,4.6,0.2,0.1385699785624012,0.5,0.1259915597355425,1.0,0.0359896629902702,0.3333333333333333,0.0258623646573807,0.6666666666666666,0,193.42520795662537,25.899594648569547,0.3663119971590967,pr
1,5.424655234246916,2.743813793398904,14.818803020703877,15.909751511160936,53.27610031053699,80.58967144655135,8,17,50,11.69,0.4,1.05,0.2,12.08,0.25,-1.09,0.25,0.0,0.0,0.0,0.0,0.0,0.0,0.0,0.0,0,168.2839278400359,1307.076409290494,0.0035806591516271,pr
2,2.410626269682996,1.6377825414348026,8.393941006780704,14.700068815063194,248.06784275987087,358.44071606444334,122,87,226,4.72,1.0,0.74,0.6376811594202898,7.5,1.0,1.87,0.6496350364963503,4.35971594734432,0.4935064935064935,-1.333554787705924,1.0,1.700719040102544,1.0,-4.105888230199556,0.6666666666666666,6,570.522738336323,81.62934340619911,2.3420158045353835e-05,pr
3,3.489634192040888,1.8471178836940192,14.600554298168417,3.7963046565267713,74.56263170807262,158.9929108044498,38,22,60,3.85,0.2,0.94,0.2,12.91,0.1666666666666666,-1.82,0.3333333333333333,0.0,0.0,0.0,0.0,0.0,0.0,0.0,0.0,0,471.1322906256825,63.77090549412928,0.3984483846989398,pr
4,4.472844307247076,3.3840307828068483,7.301939404506013,10.520810667399608,9.451300055215729,18.69605496927012,4,2,27,11.37,0.2857142857142857,-1.27,1.0,18.38,0.1818181818181818,4.34,0.1818181818181818,41.15717492019324,0.6666666666666666,-6.521970594256462,0.3333333333333333,26.71285300124625,0.25,-55.72077293798608,0.25,0,123.11188728513596,50.27899693304041,0.0037188470647699,pr
