,mean_tp_pr,mean_st_pr,max_tp_pr,max_st_pr,sum_st_pr,sum_tp_pr,num_tp_pr,num_st_pr,num_trade_pr,max_st,max_st_power,min_st,min_st_power,max_tp,max_tp_power,min_tp,min_tp_power,value_front_intervals_pr_upper,value_front_intervals_pr_upper_power,value_front_intervals_pr_lower,value_front_intervals_pr_lower_power,value_back_intervals_pr_upper,value_back_intervals_pr_upper_power,value_back_intervals_pr_lower,value_back_intervals_pr_lower_power,diff_extereme,money,draw_down,score,methode
0,3.3904846936615636,0.5975336101224716,17.345814935151726,7.074935981273789,11.311820226571625,52.6017099772517,9,10,47,1.68,0.09090909090909091,1.51,0.18181818181818182,4.95,0.2,4.6,0.2,0.13856997856240127,0.5,0.12599155973554255,1.0,0.03598966299027027,0.3333333333333333,0.02586236465738071,0.6666666666666666,0,193.42520795662537,25.899594648569547,0.3663119971590967,pr
1,5.424655234246916,2.7438137933989033,14.818803020703875,15.909751511160936,53.27610031053699,80.58967144655135,8,17,50,11.69,0.4,1.05,0.2,12.08,0.25,-1.09,0.25,0.0,0.0,0.0,0.0,0.0,0.0,0.0,0.0,0,168.2839278400359,1307.076409290494,0.003580659151627108,pr
