,mean_tp_pr,mean_st_pr,max_tp_pr,max_st_pr,sum_st_pr,sum_tp_pr,num_tp_pr,num_st_pr,num_trade_pr,max_st,max_st_power,min_st,min_st_power,max_tp,max_tp_power,min_tp,min_tp_power,value_front_intervals_pr_upper,value_front_intervals_pr_upper_power,value_front_intervals_pr_lower,value_front_intervals_pr_lower_power,value_back_intervals_pr_upper,value_back_intervals_pr_upper_power,value_back_intervals_pr_lower,value_back_intervals_pr_lower_power,diff_extereme,money,draw_down,score,methode
0,4.6563146385624306,3.097773556541427,11.050613694711805,21.23572616478033,49.60978109796913,142.88750593932775,27,8,35,21.44,0.14285714285714285,-3.04,0.7142857142857143,22.83,0.25,1.74,0.5,19.118909945026694,1.0,0.48098181440821897,0.5,9.749871973386485,0.5,0.8494478883930334,0.5,0,495.209839524359,33.627569557890666,0.005143231544751478,pr
1,0.7966135590425236,0.1386688895830337,1.3262744335952565,0.5889118081442467,2.384690283465983,13.627382034886384,13,5,18,10.55,0.25,6.55,0.25,17.56,0.25,13.72,0.5,0.0,0.0,0.0,0.0,0.0,0.0,0.0,0.0,0,128.106729378551,2.5973866206161116,1.481835697747931,pr
2,7.651624904583052,1.4018187769639514,24.313653041059176,5.733439574087354,21.32622565111806,84.403736496516,6,10,16,19.27,0.3333333333333333,-1.46,1.0,24.98,0.25,2.85,0.25,0.0,0.0,0.0,0.0,0.0,0.0,0.0,0.0,0,298.6747859457239,14.947603933665901,0.21660277083808582,pr
