,num_st_pr,num_tp_pr,num_trade_pr,score,max_tp_pr,max_st_pr,mean_tp_pr,mean_st_pr,sum_st_pr,sum_tp_pr,money,draw_down
0,18,27,45,0.05207356631041412,15.564585683708875,10.257460394288591,3.6426794841955155,1.9366025866864762,71.25039162185536,129.4402419910548,260.7551249152922,17.9622780628219
