,num_st_pr,num_tp_pr,num_trade_pr,score,max_tp_pr,max_st_pr,mean_tp_pr,mean_st_pr,sum_st_pr,sum_tp_pr,money,draw_down,max_st,max_st_power,min_st,min_st_power,max_tp,max_tp_power,min_tp,min_tp_power,value_front_intervals_pr_upper,value_front_intervals_pr_upper_power,value_front_intervals_pr_lower,value_front_intervals_pr_lower_power,value_back_intervals_pr_upper,value_back_intervals_pr_upper_power,value_back_intervals_pr_lower,value_back_intervals_pr_lower_power,diff_extereme,methode
0,18,27,45,0.0520735663104141,15.564585683708875,10.257460394288591,3.642679484195516,1.936602586686476,71.25039162185536,129.4402419910548,260.7551249152922,17.9622780628219,,,,,,,,,,,,,,,,,,
1,8,6,14,0.0324203088370934,6.938568009025061,3.9804729765736,3.010678395989726,1.7049768056703825,13.467921617172433,36.04463298751091,156.44177842584617,5.214417129079354,0.0,0.0,0.0,0.0,0.0,0.0,0.0,0.0,0.0,0.0,0.0,0.0,0.0,0.0,0.0,0.0,0.0,pr
2,0,1,1,1.0,4.961956521739142,0.0,4.961956521739142,0.0,0.0,4.961956521739142,112.40489130434786,0.0,0.0,0.0,0.0,0.0,0.0,0.0,0.0,0.0,0.0,0.0,0.0,0.0,0.0,0.0,0.0,0.0,0.0,pr
3,0,4,4,3.9999999999999996,1.1531825241822742,0.0,1.0551382889148084,0.0,0.0,4.220553155659234,110.55138288914809,0.0,12.61,0.5,3.65,0.5,15.84,0.4,10.95,0.2,20.005550602055468,1.0,4.1341631000055346,1.0,-7.6270451939659445,1.0,-53.968193743120906,0.3333333333333333,0.0,pr
4,3,7,10,0.08271975919895101,5.9022951234301795,4.937048984555335,3.5985983915250053,1.5069770510336797,7.746527609728173,31.605182865338595,159.64663813902604,4.554390312841322,13.24,0.3333333333333333,-2.17,0.6666666666666666,22.86,0.6666666666666666,11.46,0.3333333333333333,36.182936966321165,0.3333333333333333,-3.420179600766847,1.0,19.87829240914191,1.0,-49.28940095188216,0.5,0.0,pr
5,18,25,43,0.35258118062711696,3.8703970628229647,2.3854217516242553,0.890698194719802,0.2850994536178467,12.036841344032473,31.968450255534602,149.8290222787553,5.497920807169355,17.37,0.5,-2.65,1.0,21.02,0.038461538461538464,7.01,0.07692307692307693,10.454307020745194,0.42857142857142855,1.5848159041128564,0.42857142857142855,7.468474130781834,0.1,-0.2651093028567635,0.1,0.0,pr
