,mean_tp_pr,mean_st_pr,max_tp_pr,max_st_pr,sum_st_pr,sum_tp_pr,num_tp_pr,num_st_pr,num_trade_pr,max_st,max_st_power,min_st,min_st_power,max_tp,max_tp_power,min_tp,min_tp_power,value_front_intervals_pr_upper,value_front_intervals_pr_upper_power,value_front_intervals_pr_lower,value_front_intervals_pr_lower_power,value_back_intervals_pr_upper,value_back_intervals_pr_upper_power,value_back_intervals_pr_lower,value_back_intervals_pr_lower_power,diff_extereme,money,draw_down,score,methode
0,0.038226419102046,0.1814511071027948,1.1915188797952478,0.6048067947969108,21.26153592049818,18.30210081905533,52,83,135,0.52,0.6470588235294118,0.33,0.196078431372549,0.65,0.1443298969072164,0.09,0.3092783505154639,0.2224625794403603,0.7391304347826086,0.0834335226288276,0.8695652173913043,0.0520003052308658,0.7916666666666666,-0.0499569883286774,0.75,0,92.60141224639284,8.22186454045197,5.844800357687755,pr
1,0.1556357334031179,0.2864343410132866,1.328228188972267,0.7437211741163678,21.10180611877865,19.87745433377977,36,54,90,0.45,1.0,0.35,0.1078431372549019,0.57,0.4363636363636363,0.27,0.6,5.392286212045819,1.0,3.2591526993020308,0.85,0.2283358874717472,1.0,-2.1303558108576337,0.3333333333333333,5,96.93912053750276,8.584818983195065,5.697491450463268,pr
2,0.0607735016586752,0.2514353055186779,0.65775457101446,0.5708116428472204,8.106194926033497,7.094925314279172,17,24,41,0.39,0.375,0.37,0.375,0.58,0.3333333333333333,0.55,0.3333333333333333,2.648583358660677,0.7142857142857143,2.4442251873026213,0.7142857142857143,-1.9060194357206293,1.0,-2.172321769345293,1.0,5,97.47182597061428,4.2191542740244525,4.786766202319035,pr
