,mean_tp_pr,mean_st_pr,max_tp_pr,max_st_pr,sum_st_pr,sum_tp_pr,num_tp_pr,num_st_pr,num_trade_pr,max_st,max_st_power,min_st,min_st_power,max_tp,max_tp_power,min_tp,min_tp_power,value_front_intervals_pr_upper,value_front_intervals_pr_upper_power,value_front_intervals_pr_lower,value_front_intervals_pr_lower_power,value_back_intervals_pr_upper,value_back_intervals_pr_upper_power,value_back_intervals_pr_lower,value_back_intervals_pr_lower_power,diff_extereme,money,draw_down,score,methode
0,2.5514676086827044,2.066497988768903,5.1347934607613315,5.488957660293733,11.22232378353652,12.662319922030019,4,3,7,0.0,0.0,0.0,0.0,0.0,0.0,0.0,0.0,0.0,0.0,0.0,0.0,0.0,0.0,0.0,0.0,0,103.59999034623374,0.0,5.226026483298786e-05,pr
1,0.7177105080543791,0.26274143188348653,2.085365689407287,1.7456048928404386,22.458625481645463,61.01500362364352,53,40,93,7.4,0.4375,6.61,0.4375,15.77,1.0,15.32,1.0,4.748587105097503,1.0,3.8819460353485358,1.0,12.167624503194997,1.0,10.884515610495427,1.0,5,196.39094535499498,4.068753204522855,0.23706661297545276,pr
