,mean_tp_pr,mean_st_pr,max_tp_pr,max_st_pr,sum_st_pr,sum_tp_pr,num_tp_pr,num_st_pr,num_trade_pr,max_st,max_st_power,min_st,min_st_power,max_tp,max_tp_power,min_tp,min_tp_power,value_front_intervals_pr_upper,value_front_intervals_pr_upper_power,value_front_intervals_pr_lower,value_front_intervals_pr_lower_power,value_back_intervals_pr_upper,value_back_intervals_pr_upper_power,value_back_intervals_pr_lower,value_back_intervals_pr_lower_power,diff_extereme,money,draw_down,score,methode
0,0.883623922932231,0.7857129882092633,3.103351955307274,2.293607207023535,5.083906529811933,3.103351955307274,1,6,7,0,0,0,0,0,0,0,0,0,0,0,0,0,0,0,0,0,95.04861356373836,7.063971427303881,9.554056059655126,pr
1,5.346439629891685,0.0,5.346439629891685,0.0,0.0,5.346439629891685,1,0,1,0,0,0,0,0,0,0,0,0,0,0,0,0,0,0,0,0,113.3660990747292,0.0,46.41588833612778,pr
2,7.725704590155658,3.579656464856804,16.144880592534687,18.354350879463446,18.354350879463446,80.02682024894393,10,1,11,0,0,0,0,0,0,0,0,0,0,0,0,0,0,0,0,0,269.75353611791485,34.65976978554558,21.30732554004915,pr
3,1.826710616952563,5.069823946111816,2.027323246393682,10.080699675775604,10.080699675775604,2.027323246393682,1,1,2,0,0,0,0,0,0,0,0,0,0,0,0,0,0,0,0,0,79.8665589265452,0.0,4.437740219055996,pr
