,mean_tp_pr,mean_st_pr,max_tp_pr,max_st_pr,sum_st_pr,sum_tp_pr,num_tp_pr,num_st_pr,num_trade_pr,max_st,max_st_power,min_st,min_st_power,max_tp,max_tp_power,min_tp,min_tp_power,value_front_intervals_pr_upper,value_front_intervals_pr_upper_power,value_front_intervals_pr_lower,value_front_intervals_pr_lower_power,value_back_intervals_pr_upper,value_back_intervals_pr_upper_power,value_back_intervals_pr_lower,value_back_intervals_pr_lower_power,diff_extereme,money,draw_down,score,methode
0,1.5709460113285332,1.2217157127275062,5.410614623131934,14.733666280994164,188.6835432294044,200.1312063453305,66,111,235,2.81,0.1764705882352941,2.31,0.1372549019607843,3.78,0.3333333333333333,3.08,0.6111111111111112,20.171839002440443,0.6,-2.378621879463026,1.0,115.84996357402576,0.6923076923076923,96.96097021204004,0.9230769230769232,0,128.6191577898151,604.5353733552098,3.550217164374003e-06,pr
1,1.3227862223561473,0.6150747110751503,5.317076251800992,10.002190776594976,8.288957419796322,16.911075383936964,7,10,32,3.17,0.0,3.11,0.0,8.14,1.0,8.04,1.0,0.0,0.0,0.0,0.0,0.0,0.0,0.0,0.0,0,121.5552949103516,37.95248519054833,0.048239063075286,pr
2,2.8513038484795645,0.4762037064105526,4.955930242768305,3.7559750121360516,5.577813666348646,28.88530878646919,9,5,23,1.27,0.8333333333333334,1.21,1.0,6.54,0.2,6.21,0.4,0.0,0.0,0.0,0.0,0.0,0.0,0.0,0.0,0,158.26873780030135,22.708179089863084,3.7395811391273592,pr
3,3.9613981057691583,1.8430680464535139,8.643449554832456,3.3257717527810016,52.1075754448221,52.67402782578523,8,22,32,2.62,0.3333333333333333,1.49,0.3333333333333333,8.15,1.0,1.56,0.5,0.0,0.0,0.0,0.0,0.0,0.0,0.0,0.0,0,101.41613095240791,51.524792002281586,0.00030943504360395795,pr
4,2.888573446917357,1.2455640875251577,10.226597977972013,8.574735808980813,20.439351686336746,29.257835372854053,6,12,23,4.43,1.0,1.05,1.0,9.93,1.0,3.9,0.5333333333333333,25.21770103937351,1.0,-16.283281345917075,1.0,84.52411414455145,1.0,39.75990890352781,0.8333333333333334,6,122.04620921629328,18.510389641400373,0.009845669179436203,pr
