,mean_tp_pr,mean_st_pr,max_tp_pr,max_st_pr,sum_st_pr,sum_tp_pr,num_tp_pr,num_st_pr,num_trade_pr,max_st,max_st_power,min_st,min_st_power,max_tp,max_tp_power,min_tp,min_tp_power,value_front_intervals_pr_upper,value_front_intervals_pr_upper_power,value_front_intervals_pr_lower,value_front_intervals_pr_lower_power,value_back_intervals_pr_upper,value_back_intervals_pr_upper_power,value_back_intervals_pr_lower,value_back_intervals_pr_lower_power,diff_extereme,money,draw_down,score,methode
0,2.5514676086827044,2.066497988768903,5.134793460761332,5.488957660293733,11.22232378353652,12.66231992203002,4,3,7,0.0,0.0,0.0,0.0,0.0,0.0,0.0,0.0,0.0,0.0,0.0,0.0,0.0,0.0,0.0,0.0,0,103.59999034623374,0.0,5.226026483298786e-05,pr
1,0.7177105080543791,0.2627414318834865,2.085365689407287,1.7456048928404386,22.458625481645463,61.01500362364352,53,40,93,7.4,0.4375,6.61,0.4375,15.77,1.0,15.32,1.0,4.748587105097503,1.0,3.881946035348536,1.0,12.167624503194997,1.0,10.884515610495429,1.0,5,196.39094535499493,4.068753204522855,0.2370666129754527,pr
2,2.12096680179,0.9325706102404491,16.39332496708957,2.9491585967755203,14.268783244362488,23.388008136001783,3,15,18,0.0,0.0,0.0,0.0,0.0,0.0,0.0,0.0,0.0,0.0,0.0,0.0,0.0,0.0,0.0,0.0,0,122.79806222909819,19.17877996556285,0.05294435519833784,pr
3,2.8388454287349227,0.4741876337886538,4.816210395119518,0.9483752675773076,0.9483752675773076,4.816210395119518,1,1,2,17.1,0.5,-2.19,1.0,23.14,0.5,7.0,0.5,0.0,0.0,0.0,0.0,0.0,0.0,0.0,0.0,0,109.66958781885553,0.0,0.3213233175297404,pr
4,2.9658571628295496,3.9173984864733837,5.121056700151967,4.211968347795819,3.6228286251509485,5.121056700151967,1,1,2,0.0,0.0,0.0,0.0,0.0,0.0,0.0,0.0,0.0,0.0,0.0,0.0,0.0,0.0,0.0,0.0,0,103.74557018750255,0.0,0.00016119932267294926,pr
5,3.0192232343476157,2.1056387619531716,9.869373024248047,13.531182410277498,63.65712664984629,100.36767488392152,30,13,43,13.45,0.28,4.21,1.0,17.75,1.0,10.55,0.1875,7.722999400224827,1.0,-10.077298226437028,1.0,21.251441236028747,0.7647058823529411,8.309515700864136,1.0,6,178.8707338458653,34.3010977865837,0.0014222358961907212,pr
