,mean_tp_pr,mean_st_pr,max_tp_pr,max_st_pr,sum_st_pr,sum_tp_pr,num_tp_pr,num_st_pr,num_trade_pr,max_st,max_st_power,min_st,min_st_power,max_tp,max_tp_power,min_tp,min_tp_power,value_front_intervals_pr_upper,value_front_intervals_pr_upper_power,value_front_intervals_pr_lower,value_front_intervals_pr_lower_power,value_back_intervals_pr_upper,value_back_intervals_pr_upper_power,value_back_intervals_pr_lower,value_back_intervals_pr_lower_power,diff_extereme,money,draw_down,score,methode
0,2.47374784607307,3.009824491924342,4.9894540091365736,11.178549295841286,53.62038030275493,14.776905817274312,3,15,68,4.84,0.4375,3.0,0.625,4.62,1.0,3.78,0.1794871794871795,10.048795851472612,1.0,5.382967773152747,0.5714285714285714,21.614855732620786,0.7,16.079930273850586,1.0,0,2.8913137862984515,122.86826552888397,2.678259575049806e-09,pr
1,3.2285742484507765,0.6336142525931735,7.274652132415747,5.912653167911251,6.727605515053942,54.24733707025469,15,5,22,2.45,0.1666666666666666,0.71,1.0,7.03,0.125,3.63,0.125,0.0,0.0,0.0,0.0,0.0,0.0,0.0,0.0,0,225.8130737949888,24.26204924514341,12.406296846138074,pr
2,3.8945518549493405,1.1308069262215905,17.79410286095476,14.832542063556966,59.15148523212491,177.20773099536183,30,38,116,2.92,0.30434782608695654,2.44,0.30434782608695654,5.92,0.65625,5.25,0.65625,1.9836422359433237,0.9565217391304348,1.6324117692952917,0.9565217391304348,4.373784300690497,0.8333333333333334,3.9222166257492295,1.0,5,834.7185931836387,54.45286551646572,0.12612250811617276,pr
