,mean_tp_pr,mean_st_pr,max_tp_pr,max_st_pr,sum_st_pr,sum_tp_pr,num_tp_pr,num_st_pr,num_trade_pr,max_st,max_st_power,min_st,min_st_power,max_tp,max_tp_power,min_tp,min_tp_power,value_front_intervals_pr_upper,value_front_intervals_pr_upper_power,value_front_intervals_pr_lower,value_front_intervals_pr_lower_power,value_back_intervals_pr_upper,value_back_intervals_pr_upper_power,value_back_intervals_pr_lower,value_back_intervals_pr_lower_power,diff_extereme,money,draw_down,score,methode
0,3.8503004108705454,0.9622390103819212,16.343169833128655,6.718418424192383,23.97939438533902,169.09342682061404,34,14,48,10.34,0.125,2.07,0.25,18.31,0.1111111111111111,10.67,0.1111111111111111,10.472986694732038,1.0,4.449362599194211,0.3333333333333333,20.49005638484259,0.6666666666666666,8.92000118127007,0.6666666666666666,0,1791.286228526592,12.670419374128596,3.287850543880261,pr
1,4.101562847406085,1.4915964477564805,17.391931182765685,10.369264148550988,63.93370759823727,217.6938765709607,37,29,66,15.93,1.0,2.65,0.2777777777777778,18.29,0.2272727272727272,7.39,0.0454545454545454,5.991397338314972,0.4,2.154754785299003,0.6,10.975163020503253,0.1428571428571428,3.449976879156892,1.0,0,1874.787279246484,26.03186338278864,0.3173028683930187,pr
