,mean_tp_pr,mean_st_pr,max_tp_pr,max_st_pr,sum_st_pr,sum_tp_pr,num_tp_pr,num_st_pr,num_trade_pr,max_st,max_st_power,min_st,min_st_power,max_tp,max_tp_power,min_tp,min_tp_power,value_front_intervals_pr_upper,value_front_intervals_pr_upper_power,value_front_intervals_pr_lower,value_front_intervals_pr_lower_power,value_back_intervals_pr_upper,value_back_intervals_pr_upper_power,value_back_intervals_pr_lower,value_back_intervals_pr_lower_power,diff_extereme,money,draw_down,score,methode
0,1.5709460113285332,1.2217157127275062,5.410614623131934,14.733666280994164,188.68354322940442,200.1312063453305,66,111,235,2.81,0.17647058823529413,2.31,0.13725490196078433,3.78,0.3333333333333333,3.08,0.6111111111111112,20.171839002440443,0.6,-2.378621879463026,1.0,115.84996357402575,0.6923076923076923,96.96097021204005,0.9230769230769231,0,128.6191577898151,604.5353733552098,3.550217164374003e-06,pr
1,1.3227862223561473,0.6150747110751503,5.317076251800992,10.002190776594977,8.288957419796322,16.911075383936964,7,10,32,3.17,0.0,3.11,0.0,8.14,1.0,8.04,1.0,0.0,0.0,0.0,0.0,0.0,0.0,0.0,0.0,0,121.55529491035159,37.95248519054833,0.04823906307528605,pr
