,mean_tp_pr,mean_st_pr,max_tp_pr,max_st_pr,sum_st_pr,sum_tp_pr,num_tp_pr,num_st_pr,num_trade_pr,max_st,max_st_power,min_st,min_st_power,max_tp,max_tp_power,min_tp,min_tp_power,value_front_intervals_pr_upper,value_front_intervals_pr_upper_power,value_front_intervals_pr_lower,value_front_intervals_pr_lower_power,value_back_intervals_pr_upper,value_back_intervals_pr_upper_power,value_back_intervals_pr_lower,value_back_intervals_pr_lower_power,diff_extereme,money,draw_down,score,methode
0,-0.2704909958594805,0.0517355648510607,-0.0864127966629096,0.0599389407052592,0.2069422594042428,0.0,0,4,4,0.51,0.0714285714285714,0.46,0.0714285714285714,0.61,0.1,0.51,0.15,0.9973907850080036,0.75,0.4480519954973598,0.75,6.549366895626862,1.0,5.945541076182296,0.25,0,99.4826443514894,0.0,16.485265433409896,pr
1,0.1980005036714684,0.1544861918573169,0.6361676368642077,0.4083730285916436,0.9269171511439016,1.085746420625369,2,4,6,0.37,0.1428571428571428,0.28,0.1428571428571428,0.69,0.6,0.5,0.6,1.7212983638742,0.25,0.736240774182545,1.0,4.737801544066258,1.0,3.4044151491873538,1.0,0,100.39707317370366,1.2303585794059986,10.206284306880445,pr
2,-0.0993887473845866,0.2126827200157356,0.9456301336023246,0.929399191097886,19.612680526071443,10.057717051922564,20,79,99,0.52,0.5,0.35,0.1333333333333333,0.49,0.1451612903225806,-0.05,0.4354838709677419,0.7634067451182459,1.0,-0.2249406680508218,0.9285714285714286,2.1663521124252902,0.75,0.7657433439291943,0.375,0,76.11259131462782,10.061411854937395,8.541085956659977,pr
3,-0.11606629832304402,0.047822944000612315,1.0872692038542429,0.2635880996629291,7.518952085413693,16.78747942937546,32,127,159,0.52,1.0,0.38,0.2608695652173913,0.64,1.0,0.35,0.425,0.29393760422927634,1.0,0.20385749107628048,1.0,0.5934184620735935,0.9342105263157895,0.44322354513101747,0.9342105263157895,5,123.17131835990442,1.9629703612365035,19.668909677904495,pr
4,0.16893316888879084,0.250442570269295,1.4168908717616588,0.6274957216200774,15.743785244176372,19.84333201316429,29,49,78,0.53,0.875,0.33,0.16666666666666666,0.85,0.2916666666666667,0.25,0.4166666666666667,0.9074587863458194,1.0,0.5659621635075962,1.0,1.7784136139855113,0.16666666666666666,1.1026095208657674,1.0,0,110.24886692246982,11.216028208575878,6.817133324826438,pr
