,mean_tp_pr,mean_st_pr,max_tp_pr,max_st_pr,sum_st_pr,sum_tp_pr,num_tp_pr,num_st_pr,num_trade_pr,max_st,max_st_power,min_st,min_st_power,max_tp,max_tp_power,min_tp,min_tp_power,value_front_intervals_pr_upper,value_front_intervals_pr_upper_power,value_front_intervals_pr_lower,value_front_intervals_pr_lower_power,value_back_intervals_pr_upper,value_back_intervals_pr_upper_power,value_back_intervals_pr_lower,value_back_intervals_pr_lower_power,diff_extereme,money,draw_down,score,methode
0,-0.27049099585948055,0.051735564851060706,-0.08641279666290969,0.05993894070525929,0.20694225940424282,0.0,0,4,4,0.51,0.07142857142857142,0.46,0.07142857142857142,0.61,0.1,0.51,0.15,0.9973907850080035,0.75,0.4480519954973598,0.75,6.549366895626862,1.0,5.9455410761822955,0.25,0,99.4826443514894,0.0,16.485265433409896,pr
1,0.19800050367146846,0.15448619185731696,0.6361676368642077,0.4083730285916436,0.9269171511439017,1.085746420625369,2,4,6,0.37,0.14285714285714285,0.28,0.14285714285714285,0.69,0.6,0.5,0.6,1.7212983638742,0.25,0.736240774182545,1.0,4.737801544066258,1.0,3.4044151491873538,1.0,0,100.39707317370366,1.2303585794059986,10.206284306880445,pr
2,-0.09938874738458664,0.21268272001573565,0.9456301336023246,0.9293991910978859,19.612680526071443,10.057717051922564,20,79,99,0.52,0.5,0.35,0.13333333333333333,0.49,0.14516129032258066,-0.05,0.43548387096774194,0.7634067451182459,1.0,-0.2249406680508218,0.9285714285714286,2.1663521124252902,0.75,0.7657433439291943,0.375,0,76.11259131462782,10.061411854937397,8.541085956659977,pr
