mean_tp_min_max,mean_st_min_max,max_tp_min_max,max_st_min_max,sum_st_min_max,sum_tp_min_max,num_tp_min_max,num_st_min_max,num_trade_min_max,ramp_low_upper_min_max,ramp_low_lower_min_max,ramp_high_upper_min_max,ramp_high_lower_min_max,diff_min_max_cci_upper_min_max,diff_min_max_cci_lower_min_max,diff_min_max_candle_upper_min_max,diff_min_max_candle_lower_min_max,score_min_max,mean_tp_pr,mean_st_pr,max_tp_pr,max_st_pr,sum_st_pr,sum_tp_pr,num_tp_pr,num_st_pr,num_trade_pr,ramp_low_upper_pr,ramp_low_lower_pr,ramp_high_upper_pr,ramp_high_lower_pr,diff_min_max_cci_upper_pr,diff_min_max_cci_lower_pr,diff_min_max_candle_upper_pr,diff_min_max_candle_lower_pr,diff_top_upper_pr,diff_top_lower_pr,diff_down_upper_pr,diff_down_lower_pr,score_pr,methode,high_period,low_period,distance_lines,min_tp,max_st,alfa,signal
0.04447266075945545,0.036749488723363845,0.3127929027617367,0.15116495601976623,0.8087825615037072,1.9244877923619947,27.0,20.0,47.0,-31.568788295543072,-32.600761766341094,-24.762902517731018,-25.156559103547973,301.62307400621665,295.23051207784175,0.11022816946349324,0.11013311973379299,3.4229209443296162,0.2002556175425782,0.15989890053361433,0.48414295816787956,0.24528945255353515,0.43753757245432756,0.28427384490720353,3.0,6.0,9.0,-32.229845505482665,-34.519751017454446,-30.038443326944748,-33.092261096201504,0.6537059406547598,-72.01057123186769,0.09550578216667437,0.09540084222483179,0.27579698275887976,0.2757812265135624,0.38192501276182855,0.3715872990313428,0.5353456418895279,min_max,50.0,25.0,2.0,0.1,0.2,0.02,sell
