,mean_tp_min_max,mean_st_min_max,max_tp_min_max,max_st_min_max,sum_st_min_max,sum_tp_min_max,num_tp_min_max,num_st_min_max,num_trade_min_max,score_min_max,mean_tp_pr,mean_st_pr,max_tp_pr,max_st_pr,sum_st_pr,sum_tp_pr,num_tp_pr,num_st_pr,num_trade_pr,diff_down_upper_pr,diff_down_lower_pr,score_pr,methode,high_period,low_period,distance_lines,min_tp,max_st,alfa,signal,score_buy,score_sell,permit
0,0.1257598576540192,0.0659097347601035,0.7195951288945148,0.4943998939624907,4.495621174133484,5.067828121736968,32,41,73,5.62218197118565,0.1460664814390117,0.1529933433183482,0.3953516233377152,1.4210826369286826,2.1496521642148188,3.3636638137544344,15,6,21,0.3382402773530317,0.221430179895226,885.0144925143798,pr,109,101,3,0.06,0.26,0.18,sell,2301.131340095548,0,True
