mean_tp_min_max,mean_st_min_max,max_tp_min_max,max_st_min_max,sum_st_min_max,sum_tp_min_max,num_tp_min_max,num_st_min_max,num_trade_min_max,score_min_max,mean_tp_pr,mean_st_pr,max_tp_pr,max_st_pr,sum_st_pr,sum_tp_pr,num_tp_pr,num_st_pr,num_trade_pr,diff_down_upper_pr,diff_down_lower_pr,score_pr,methode,high_period,low_period,distance_lines,min_tp,max_st,alfa,signal,score_buy,score_sell
0.08627165644117564,0.060891773734218856,0.5337220648225419,0.3211465410839913,2.980719856900862,3.7252480751913213,29.0,26.0,55.0,79.06337030421741,0.06900686444902346,0.09945432265202679,0.19516283524904457,0.5110119476032736,0.5878746532286081,3.692479497029786,44.0,6.0,50.0,0.20981381631588256,0.19709071669473752,9555.973709220025,pr,75.0,70.0,3.0,0.12,0.3,0.077,"buy,sell",0.0,0.0
