mean_tp_min_max,mean_st_min_max,max_tp_min_max,max_st_min_max,sum_st_min_max,sum_tp_min_max,num_tp_min_max,num_st_min_max,num_trade_min_max,score_min_max,mean_tp_pr,mean_st_pr,max_tp_pr,max_st_pr,sum_st_pr,sum_tp_pr,num_tp_pr,num_st_pr,num_trade_pr,diff_down_upper_pr,diff_down_lower_pr,score_pr,methode,high_period,low_period,distance_lines,min_tp,max_st,alfa,signal,score_buy,score_sell
0.08316779943999518,0.05612303826150485,0.3446754535928896,0.3485185662001324,5.701120493988117,7.2022755133140866,47.0,67.0,114.0,3.2884686981545945,0.08491775902422175,0.09300138421517377,0.31165555755719854,0.538900128747469,0.24158290891062476,8.840417643666001,85.0,1.0,86.0,0.1359005893547507,0.06605849526724182,58506.47153527558,pr,20.0,9.0,4.0,0.04,0.1,0.379,sell,109.57610584962377,0.0
