,mean_tp_pr,mean_st_pr,max_tp_pr,max_st_pr,sum_st_pr,sum_tp_pr,num_tp_pr,num_st_pr,num_trade_pr,max_st,max_st_power,min_st,min_st_power,max_tp,max_tp_power,min_tp,min_tp_power,value_front_intervals_pr_upper,value_front_intervals_pr_upper_power,value_front_intervals_pr_lower,value_front_intervals_pr_lower_power,value_back_intervals_pr_upper,value_back_intervals_pr_upper_power,value_back_intervals_pr_lower,value_back_intervals_pr_lower_power,diff_extereme,money,draw_down,score,methode
0,5.086468064042246,0.8998148312345599,10.083724091874757,1.7986551593731457,1.7986551593731457,19.54262859758937,4,1,5,0.0,0.0,0.0,0.0,0.0,0.0,0.0,0.0,0.0,0.0,0.0,0.0,0.0,0.0,0.0,0.0,0,144.35993359554058,0.0,1.1638932781868905,pr
1,0.4440674983073663,0.1913193490516198,1.2834769995729065,1.6882672919952793,4.013887040420947,17.734707232171505,38,3,41,11.71,0.0833333333333333,9.5,0.0833333333333333,11.09,0.0952380952380952,9.37,0.0952380952380952,-3.952336503481889,0.5,-5.075899713006293,0.3333333333333333,-7.450123563201727,0.4,-8.95498259861951,0.4,0,134.30205047937642,3.7232522736860094,0.0798753267732772,pr
2,0.5701376361114178,0.07996257516717147,2.6144791985105873,1.011743308518732,1.011743308518732,19.479917235917988,33,1,34,17.7,0.3333333333333333,4.02,0.3333333333333333,15.77,0.5,4.35,0.5,0.0,0.0,0.0,0.0,0.0,0.0,0.0,0.0,0,146.17043481849808,1.8002476122941213,9.382539517037921,pr
