,mean_tp_pr,mean_st_pr,max_tp_pr,max_st_pr,sum_st_pr,sum_tp_pr,num_tp_pr,num_st_pr,num_trade_pr,max_st,max_st_power,min_st,min_st_power,max_tp,max_tp_power,min_tp,min_tp_power,value_front_intervals_pr_upper,value_front_intervals_pr_upper_power,value_front_intervals_pr_lower,value_front_intervals_pr_lower_power,value_back_intervals_pr_upper,value_back_intervals_pr_upper_power,value_back_intervals_pr_lower,value_back_intervals_pr_lower_power,diff_extereme,money,draw_down,score,methode
0,0.8753191052054402,0.227335936448377,1.835088702873652,0.8814423244542569,0.0,7.877871946848962,9,0,9,22.54,1.0,-1.48,0.5454545454545454,20.57,1.0,-2.73,0.75,49.89311298776832,0.1666666666666666,-21.29268340956869,0.1666666666666666,37.17549490036527,0.2,-82.18855595912245,0.4,6,119.6946798671224,0.0,1.8566894140212489,pr
1,3.3653500545037085,0.4706128729199831,3.89480553826956,0.9412257458399662,0.0,6.730700109007417,2,0,2,0.0,0.0,0.0,0.0,0.0,0.0,0.0,0.0,0.0,0.0,0.0,0.0,0.0,0.0,0.0,0.0,0,116.82675027251854,0.0,0.9217737584759812,pr
2,4.187212177193067,2.1964982386741614,16.377170989456822,9.088019759723222,55.28427778056796,82.09757908163334,12,18,30,20.48,0.0588235294117647,4.5,0.0588235294117647,16.19,0.4666666666666667,1.21,0.4666666666666667,51.04487933795647,0.1666666666666666,-173.41677217004616,0.1666666666666666,15.79249426456991,0.1428571428571428,-300.7126508590373,0.2857142857142857,0,151.96632792319377,31.25447531341908,0.0073819165722887,pr
3,0.6537423266219651,0.04837133058109298,0.978964849704623,0.2418566529054649,0.0,3.2687116331098256,5,0,5,12.87,1.0,7.72,0.2,12.73,0.6666666666666666,9.11,0.3333333333333333,0.0,0.0,0.0,0.0,0.0,0.0,0.0,0.0,0,108.17177908277456,0.0,2.6029346444192756,pr
4,5.001967012208818,1.8345626812837081,14.994301469333719,4.44861692218986,25.249039005757574,60.55249473238562,8,9,17,0.0,0.0,0.0,0.0,0.0,0.0,0.0,0.0,0.0,0.0,0.0,0.0,0.0,0.0,0.0,0.0,0,188.2586393165701,16.314897368080214,0.08143122113039683,pr
