,mean_tp_pr,mean_st_pr,max_tp_pr,max_st_pr,sum_st_pr,sum_tp_pr,num_tp_pr,num_st_pr,num_trade_pr,max_st,max_st_power,min_st,min_st_power,max_tp,max_tp_power,min_tp,min_tp_power,value_front_intervals_pr_upper,value_front_intervals_pr_upper_power,value_front_intervals_pr_lower,value_front_intervals_pr_lower_power,value_back_intervals_pr_upper,value_back_intervals_pr_upper_power,value_back_intervals_pr_lower,value_back_intervals_pr_lower_power,diff_extereme,money,draw_down,score,methode
0,3.1244727853647074,0.4425418841835087,14.084878398078745,3.9918177409536,3.3143770695527266,51.96835862478504,16,2,17,1.56,0.5714285714285714,1.19,0.5714285714285714,4.13,0.4444444444444444,3.45,1.0,1.7820304720288354,0.5,-14.283608492469336,1.0,-140.29189018201316,1.0,-181.43948623449995,0.5,0,242.03213738460136,8.6791707034057,34.467527346116384,pr
1,0.8144209901562335,1.1085704303416226,3.142663297111191,10.258046386230765,5.406391941338037,5.626604332250182,6,1,16,12.22,0.4,-0.53,0.8,10.43,0.14285714285714285,-1.19,0.14285714285714285,77.56783378093102,0.5,-28.833525076202424,0.5,44.517302654498714,0.5,-117.05895134731966,0.5,0,100.55053097728037,51.311496912844014,3.9108277647862606e-05,pr
