,mean_tp_pr,mean_st_pr,max_tp_pr,max_st_pr,sum_st_pr,sum_tp_pr,num_tp_pr,num_st_pr,num_trade_pr,max_st,max_st_power,min_st,min_st_power,max_tp,max_tp_power,min_tp,min_tp_power,value_front_intervals_pr_upper,value_front_intervals_pr_upper_power,value_front_intervals_pr_lower,value_front_intervals_pr_lower_power,value_back_intervals_pr_upper,value_back_intervals_pr_upper_power,value_back_intervals_pr_lower,value_back_intervals_pr_lower_power,diff_extereme,money,draw_down,score,methode
0,3.856853121252172,2.0656826684010734,15.396606509856978,11.250624429562468,152.8610246335462,233.16640202419825,50,42,93,5.96,0.0769230769230769,4.79,0.1538461538461538,6.45,0.1666666666666666,5.41,0.1666666666666666,-23.673343377734103,0.75,-30.27481326875478,0.75,-41.96341466391443,0.1428571428571428,-51.59576375040983,0.5714285714285714,0,291.1402737046089,222.0244783045432,0.0051277877953953,pr
1,3.887020828318772,1.6864316219717406,6.839405984529434,7.56351438818171,35.25037619600164,63.82220747085527,11,13,46,3.99,0.1,1.59,0.1,6.69,0.25,3.56,1.0,0.0,0.0,0.0,0.0,0.0,0.0,0.0,0.0,0,171.42957818713404,56.78364048476775,0.01942663557579015,pr
2,0.6644026371430637,0.6703003017605501,2.0339436634604025,3.3517662078683697,9.839221922797986,15.951065099443307,18,6,27,1.25,0.125,1.0,0.125,1.08,0.25,0.97,0.25,-41.202973856179085,1.0,-46.53359008747623,0.5,-78.32682482403716,0.5,-86.47449346748185,0.5,0,115.27960794161329,7.192830310220531,0.0008947716539557007,pr
