,mean_tp_pr,mean_st_pr,max_tp_pr,max_st_pr,sum_st_pr,sum_tp_pr,num_tp_pr,num_st_pr,num_trade_pr,max_st,max_st_power,min_st,min_st_power,max_tp,max_tp_power,min_tp,min_tp_power,value_front_intervals_pr_upper,value_front_intervals_pr_upper_power,value_front_intervals_pr_lower,value_front_intervals_pr_lower_power,value_back_intervals_pr_upper,value_back_intervals_pr_upper_power,value_back_intervals_pr_lower,value_back_intervals_pr_lower_power,diff_extereme,money,draw_down,score,methode
0,5.086468064042246,0.8998148312345599,10.083724091874755,1.7986551593731457,1.7986551593731457,19.54262859758937,4,1,5,0.0,0.0,0.0,0.0,0.0,0.0,0.0,0.0,0.0,0.0,0.0,0.0,0.0,0.0,0.0,0.0,0,144.35993359554058,0.0,1.1638932781868905,pr
1,0.44406749830736636,0.19131934905161982,1.2834769995729065,1.6882672919952793,4.013887040420947,17.734707232171505,38,3,41,11.71,0.08333333333333333,9.5,0.08333333333333333,11.09,0.09523809523809523,9.37,0.09523809523809523,-3.9523365034818885,0.5,-5.075899713006293,0.3333333333333333,-7.450123563201727,0.4,-8.95498259861951,0.4,0,134.30205047937642,3.7232522736860103,0.0798753267732772,pr
