,mean_tp_pr,mean_st_pr,max_tp_pr,max_st_pr,sum_st_pr,sum_tp_pr,num_tp_pr,num_st_pr,num_trade_pr,max_st,max_st_power,min_st,min_st_power,max_tp,max_tp_power,min_tp,min_tp_power,value_front_intervals_pr_upper,value_front_intervals_pr_upper_power,value_front_intervals_pr_lower,value_front_intervals_pr_lower_power,value_back_intervals_pr_upper,value_back_intervals_pr_upper_power,value_back_intervals_pr_lower,value_back_intervals_pr_lower_power,diff_extereme,money,draw_down,score,methode
0,0.8753191052054402,0.22733593644837707,1.8350887028736516,0.8814423244542569,0.0,7.877871946848962,9,0,9,22.54,1.0,-1.48,0.5454545454545454,20.57,1.0,-2.73,0.75,49.89311298776832,0.16666666666666666,-21.292683409568692,0.16666666666666666,37.17549490036527,0.2,-82.18855595912245,0.4,6,119.6946798671224,0,1.8566894140212489,pr
1,3.3653500545037085,0.4706128729199831,3.8948055382695594,0.9412257458399662,0.0,6.730700109007417,2,0,2,0.0,0.0,0.0,0.0,0.0,0.0,0.0,0.0,0.0,0.0,0.0,0.0,0.0,0.0,0.0,0.0,0,116.82675027251854,0,0.9217737584759812,pr
