,mean_tp_pr,mean_st_pr,max_tp_pr,max_st_pr,sum_st_pr,sum_tp_pr,num_tp_pr,num_st_pr,num_trade_pr,max_st,max_st_power,min_st,min_st_power,max_tp,max_tp_power,min_tp,min_tp_power,value_front_intervals_pr_upper,value_front_intervals_pr_upper_power,value_front_intervals_pr_lower,value_front_intervals_pr_lower_power,value_back_intervals_pr_upper,value_back_intervals_pr_upper_power,value_back_intervals_pr_lower,value_back_intervals_pr_lower_power,diff_extereme,money,draw_down,score,methode
0,5.086468064042246,0.8998148312345599,10.083724091874757,1.7986551593731457,1.7986551593731457,19.54262859758937,4,1,5,0.0,0.0,0.0,0.0,0.0,0.0,0.0,0.0,0.0,0.0,0.0,0.0,0.0,0.0,0.0,0.0,0,144.35993359554058,0.0,1.1638932781868905,pr
1,0.4440674983073663,0.1913193490516198,1.2834769995729065,1.6882672919952793,4.013887040420947,17.734707232171505,38,3,41,11.71,0.0833333333333333,9.5,0.0833333333333333,11.09,0.0952380952380952,9.37,0.0952380952380952,-3.952336503481889,0.5,-5.075899713006293,0.3333333333333333,-7.450123563201727,0.4,-8.95498259861951,0.4,0,134.30205047937642,3.7232522736860094,0.0798753267732772,pr
2,0.5701376361114178,0.0799625751671714,2.6144791985105877,1.011743308518732,1.011743308518732,19.479917235917988,33,1,34,17.7,0.3333333333333333,4.02,0.3333333333333333,15.77,0.5,4.35,0.5,0.0,0.0,0.0,0.0,0.0,0.0,0.0,0.0,0,146.17043481849808,1.8002476122941211,9.38253951703792,pr
3,1.0570475132104398,0.4159453787631503,11.83697575480754,1.3988105437291882,7.351377849238645,21.030706215972835,14,7,21,17.61,0.3125,3.09,0.25,15.78,1.0,2.87,0.3,2.6883994390003707,1.0,-14.806568007703547,0.6,-3.134952073499683,0.3333333333333333,-42.231424326843005,0.2222222222222222,0,134.19832091683546,5.007768991867029,1.0775680485549937,pr
