,mean_tp_pr,mean_st_pr,max_tp_pr,max_st_pr,sum_st_pr,sum_tp_pr,num_tp_pr,num_st_pr,num_trade_pr,max_st,max_st_power,min_st,min_st_power,max_tp,max_tp_power,min_tp,min_tp_power,value_front_intervals_pr_upper,value_front_intervals_pr_upper_power,value_front_intervals_pr_lower,value_front_intervals_pr_lower_power,value_back_intervals_pr_upper,value_back_intervals_pr_upper_power,value_back_intervals_pr_lower,value_back_intervals_pr_lower_power,diff_extereme,money,draw_down,score,methode
0,0.7156827035500566,0.0427959675499551,0.7156827035500566,0.0427959675499551,0.0,0.7156827035500566,1,0,1,0.0,0.0,0.0,0.0,0.0,0.0,0.0,0.0,0.0,0.0,0.0,0.0,0.0,0.0,0.0,0.0,0,101.78920675887514,0.0,44.59979525146244,pr
1,0.3280199495080946,0.5305182128309662,1.0699531550352768,1.3189183318010607,8.699702452587655,9.871612735110977,14,9,23,13.71,0.2222222222222222,9.19,0.2222222222222222,12.34,0.08333333333333333,7.4,0.08333333333333333,9.17351304087241,0.5,-23.44896964149482,0.5,-55.32809810342456,0.5,-105.66529612108184,0.5,0,102.92977570630832,6.065325651462598,8.057460122226615,pr
2,2.379148429062107,0.04139700335141449,5.831397549194589,0.22845358533204774,0.0,14.274890574372643,6,0,6,26.16,0.2,0.18,0.4,21.37,0.1111111111111111,1.45,0.2222222222222222,0.0,0.0,0.0,0.0,0.0,0.0,0.0,0.0,0,135.68722643593162,0.0,61.39953908520818,pr
