,mean_tp_pr,mean_st_pr,max_tp_pr,max_st_pr,sum_st_pr,sum_tp_pr,num_tp_pr,num_st_pr,num_trade_pr,max_st,max_st_power,min_st,min_st_power,max_tp,max_tp_power,min_tp,min_tp_power,value_front_intervals_pr_upper,value_front_intervals_pr_upper_power,value_front_intervals_pr_lower,value_front_intervals_pr_lower_power,value_back_intervals_pr_upper,value_back_intervals_pr_upper_power,value_back_intervals_pr_lower,value_back_intervals_pr_lower_power,diff_extereme,money,draw_down,score,methode
0,0.8753191052054402,0.227335936448377,1.835088702873652,0.8814423244542569,0.0,7.877871946848962,9,0,9,22.54,1.0,-1.48,0.5454545454545454,20.57,1.0,-2.73,0.75,49.89311298776832,0.1666666666666666,-21.29268340956869,0.1666666666666666,37.17549490036527,0.2,-82.18855595912245,0.4,6,119.6946798671224,0.0,1.8566894140212489,pr
1,3.3653500545037085,0.4706128729199831,3.89480553826956,0.9412257458399662,0.0,6.730700109007417,2,0,2,0.0,0.0,0.0,0.0,0.0,0.0,0.0,0.0,0.0,0.0,0.0,0.0,0.0,0.0,0.0,0.0,0,116.82675027251854,0.0,0.9217737584759812,pr
2,4.187212177193067,2.1964982386741614,16.377170989456822,9.088019759723222,55.28427778056796,82.09757908163334,12,18,30,20.48,0.058823529411764705,4.5,0.058823529411764705,16.19,0.4666666666666667,1.21,0.4666666666666667,51.044879337956466,0.16666666666666666,-173.41677217004616,0.16666666666666666,15.79249426456991,0.14285714285714285,-300.71265085903735,0.2857142857142857,0,151.96632792319375,31.25447531341908,0.00738191657228875,pr
