,mean_tp_pr,mean_st_pr,max_tp_pr,max_st_pr,sum_st_pr,sum_tp_pr,num_tp_pr,num_st_pr,num_trade_pr,max_st,max_st_power,min_st,min_st_power,max_tp,max_tp_power,min_tp,min_tp_power,value_front_intervals_pr_upper,value_front_intervals_pr_upper_power,value_front_intervals_pr_lower,value_front_intervals_pr_lower_power,value_back_intervals_pr_upper,value_back_intervals_pr_upper_power,value_back_intervals_pr_lower,value_back_intervals_pr_lower_power,diff_extereme,money,draw_down,score,methode
0,3.856853121252172,2.0656826684010734,15.396606509856978,11.250624429562468,152.8610246335462,233.16640202419825,50,42,93,5.96,0.0769230769230769,4.79,0.1538461538461538,6.45,0.1666666666666666,5.41,0.1666666666666666,-23.673343377734103,0.75,-30.27481326875478,0.75,-41.96341466391443,0.1428571428571428,-51.59576375040983,0.5714285714285714,0,291.1402737046089,222.0244783045432,0.0051277877953953,pr
1,3.887020828318772,1.6864316219717406,6.839405984529434,7.56351438818171,35.25037619600164,63.82220747085527,11,13,46,3.99,0.1,1.59,0.1,6.69,0.25,3.56,1.0,0.0,0.0,0.0,0.0,0.0,0.0,0.0,0.0,0,171.42957818713404,56.78364048476775,0.0194266355757901,pr
2,0.6644026371430637,0.6703003017605501,2.0339436634604025,3.3517662078683697,9.839221922797986,15.951065099443309,18,6,27,1.25,0.125,1.0,0.125,1.08,0.25,0.97,0.25,-41.202973856179085,1.0,-46.53359008747623,0.5,-78.32682482403716,0.5,-86.47449346748185,0.5,0,115.27960794161328,7.192830310220531,0.0008947716539557,pr
3,2.9411677893988606,1.4332994199067457,11.957448195081161,13.24999270283006,199.74669048685263,404.1498453468474,106,86,436,5.82,0.07228915662650602,2.73,0.024096385542168676,6.49,0.18333333333333332,3.74,0.11666666666666667,-1.4357577680509839,0.35714285714285715,-6.6996327408024285,0.7142857142857143,-5.088243007552261,0.5833333333333334,-13.553289609615465,0.6666666666666666,0,4959.502134515664,108.6537262845771,0.006213478762358231,pr
4,2.169983804210321,1.564658249134323,12.520394940998944,3.5437414968415486,67.97809419151096,60.13291287905526,19,27,52,3.06,1.0,0.68,0.2682926829268293,5.89,0.10638297872340426,-0.5,1.0,21.48097246156206,0.8571428571428571,-38.84351418712209,1.0,33.33513912922588,1.0,-194.24455188118773,1.0,6,80.3870467188608,54.14062321540014,0.00023445810287662898,pr
