,mean_tp_pr,mean_st_pr,max_tp_pr,max_st_pr,sum_st_pr,sum_tp_pr,num_tp_pr,num_st_pr,num_trade_pr,max_st,max_st_power,min_st,min_st_power,max_tp,max_tp_power,min_tp,min_tp_power,value_front_intervals_pr_upper,value_front_intervals_pr_upper_power,value_front_intervals_pr_lower,value_front_intervals_pr_lower_power,value_back_intervals_pr_upper,value_back_intervals_pr_upper_power,value_back_intervals_pr_lower,value_back_intervals_pr_lower_power,diff_extereme,money,draw_down,score,methode
0,0.4982771218259054,0.24801794393122703,2.0295054357625157,0.984858744819744,20.20301215664221,41.82357033618146,64,48,112,0.68,0.11764705882352941,0.6,0.4264705882352941,0.86,0.25,0.81,0.25,-1.8586778601737444,1.0,-2.3291954837244755,1.0,-6.318032715279743,0.8571428571428571,-7.082930535894117,0.8571428571428571,4,154.051395448848,4.630114327778089,25.471763566293134,pr
1,0.513918944391151,0.40005881164316326,1.928512859452498,1.846333991991549,7.405095278592312,12.834038182928131,21,9,30,0.78,0.2857142857142857,0.29,0.32142857142857145,0.91,0.7297297297297297,0.61,0.13513513513513514,0.2996531254923734,0.46153846153846156,-0.8211751589854936,0.7692307692307693,-0.9868234642652419,1.0,-2.8715398165511092,0.3076923076923077,0,113.57235726083958,8.377706703425181,11.099687445352348,pr
2,0.34212097193249585,0.39025203968101035,1.131330535356059,1.8868516070374133,11.22417083392393,12.80231802132603,29,15,44,0.68,0.2631578947368421,0.64,0.2631578947368421,0.85,1.0,0.82,1.0,-0.052412655168327535,1.0,-0.11798750854652869,1.0,-0.9591969005376245,0.5833333333333334,-1.0381611431548319,0.5833333333333334,4,103.94536796850521,10.003324142859448,4.057253459767741,pr
