,mean_tp_pr,mean_st_pr,max_tp_pr,max_st_pr,sum_st_pr,sum_tp_pr,num_tp_pr,num_st_pr,num_trade_pr,max_st,max_st_power,min_st,min_st_power,max_tp,max_tp_power,min_tp,min_tp_power,value_front_intervals_pr_upper,value_front_intervals_pr_upper_power,value_front_intervals_pr_lower,value_front_intervals_pr_lower_power,value_back_intervals_pr_upper,value_back_intervals_pr_upper_power,value_back_intervals_pr_lower,value_back_intervals_pr_lower_power,diff_extereme,money,draw_down,score,methode
0,2.1965166026498157,1.3689356429683104,6.03853465310114,13.610436691389236,24.44548366222448,48.0079215513284,21,4,25,0.0,0.0,0.0,0.0,0.0,0.0,0.0,0.0,0.0,0.0,0.0,0.0,0.0,0.0,0.0,0.0,0,158.9060947227598,19.188743747355602,0.00728173105060794,pr
1,0.6244739274272965,0.16480742667300277,12.013757535448544,1.2987576665097504,8.937573895010054,58.76464424049929,87,9,96,13.9,0.047619047619047616,9.95,0.047619047619047616,12.77,0.03125,9.31,0.0625,-1.3073668569896548,1.0,-1.7805365826235722,0.4,-0.4974289646542708,0.5,-0.8540293847684041,0.6666666666666666,0,247.41025928374995,7.03399170986842,22.909006863184683,pr
2,5.857486656491792,2.221814264350333,10.408332370492142,4.660682887036888,11.152947080430698,31.297781131674046,5,3,8,0.0,0.0,0.0,0.0,0.0,0.0,0.0,0.0,0.0,0.0,0.0,0.0,0.0,0.0,0.0,0.0,0,150.3620851281084,8.701775609076476,0.1291014424417021,pr
