,mean_tp_pr,mean_st_pr,max_tp_pr,max_st_pr,sum_st_pr,sum_tp_pr,num_tp_pr,num_st_pr,num_trade_pr,max_st,max_st_power,min_st,min_st_power,max_tp,max_tp_power,min_tp,min_tp_power,value_front_intervals_pr_upper,value_front_intervals_pr_upper_power,value_front_intervals_pr_lower,value_front_intervals_pr_lower_power,value_back_intervals_pr_upper,value_back_intervals_pr_upper_power,value_back_intervals_pr_lower,value_back_intervals_pr_lower_power,diff_extereme,money,draw_down,score,methode
0,2.7078461567154664,0.8509296755807995,3.3816371283398814,1.568077040598766,0.0,5.415692313430933,2,0,2,0.0,0.0,0.0,0.0,0.0,0.0,0.0,0.0,0.0,0.0,0.0,0.0,0.0,0.0,0.0,0.0,0,113.53923078357734,0.0,39.54384791264249,pr
1,3.326668590179488,0.951495406415355,9.69855880357656,3.0643747161954966,8.884073609672146,34.27485314033112,7,5,12,0.0,0.0,0.0,0.0,0.0,0.0,0.0,0.0,0.0,0.0,0.0,0.0,0.0,0.0,0.0,0.0,0,163.47694882664743,7.80737826266976,38.24732538238145,pr
2,0.6355108527490438,0.0107011388797646,2.4636510103193587,0.1389750421162139,0.0,17.158793024224185,27,0,27,13.57,0.1,5.1,0.1,15.37,0.1666666666666666,9.64,0.1666666666666666,0.0,0.0,0.0,0.0,0.0,0.0,0.0,0.0,0,142.89698256056053,0.0,78.45389855742307,pr
3,8.5877292079749,0.0,8.5877292079749,0.0,0.0,8.5877292079749,1,0,1,0.0,0.0,0.0,0.0,0.0,0.0,0.0,0.0,0.0,0.0,0.0,0.0,0.0,0.0,0.0,0.0,0,121.46932301993724,0.0,46.41588833612778,pr
4,2.86142548155403,0.3625186562127546,3.793976260685541,0.7250373124255093,0.0,5.72285096310806,2,0,2,0.0,0.0,0.0,0.0,0.0,0.0,0.0,0.0,0.0,0.0,0.0,0.0,0.0,0.0,0.0,0.0,0,114.30712740777015,0.0,46.81548486114794,pr
5,4.2671211015191215,1.1205820653761371,4.2671211015191215,1.1205820653761371,0.0,4.2671211015191215,1,0,1,0.0,0.0,0.0,0.0,0.0,0.0,0.0,0.0,0.0,0.0,0.0,0.0,0.0,0.0,0.0,0.0,0,110.6678027537978,0.0,38.7980431026743,pr
6,2.110159723026889,0.12747136572120193,2.5174702199938963,0.25494273144240387,0.0,4.220319446053778,2,0,2,0.0,0.0,0.0,0.0,0.0,0.0,0.0,0.0,0.0,0.0,0.0,0.0,0.0,0.0,0.0,0.0,0,110.55079861513444,0.0,49.35964016578483,pr
7,2.5538319447087248,1.6120070231105592,11.283978759025857,12.080389253226146,100.96076833509119,220.32606601463414,82,15,97,13.7,0.02040816326530612,5.11,0.061224489795918366,15.34,0.05172413793103448,7.9,0.08620689655172414,-3.6683328014050565,1.0,-7.915845876346361,0.3333333333333333,-0.9541186552775451,0.75,-3.531060398860906,0.5,0,668.1081454733898,48.230762083529825,16.546225562134225,pr
