,mean_tp_pr,mean_st_pr,max_tp_pr,max_st_pr,sum_st_pr,sum_tp_pr,num_tp_pr,num_st_pr,num_trade_pr,max_st,max_st_power,min_st,min_st_power,max_tp,max_tp_power,min_tp,min_tp_power,value_front_intervals_pr_upper,value_front_intervals_pr_upper_power,value_front_intervals_pr_lower,value_front_intervals_pr_lower_power,value_back_intervals_pr_upper,value_back_intervals_pr_upper_power,value_back_intervals_pr_lower,value_back_intervals_pr_lower_power,diff_extereme,money,draw_down,score,methode
0,3.203316853591299,2.080682595644043,6.18437164897432,10.105151224949314,83.80172525991826,129.01020333153875,31,20,51,4.86,0.1666666666666666,0.95,0.0833333333333333,6.02,0.125,2.29,0.25,-11.390462457190466,0.3333333333333333,-26.586448753609385,1.0,-4.992441250747833,0.6666666666666666,-15.850467144233107,0.3333333333333333,0,183.5858928983669,71.70532200488283,0.014552356198609,pr
1,1.4665860234597832,0.3987104296354545,5.150800066638392,4.067185221953965,11.304524672527084,53.491630443876296,34,7,64,1.7,0.0238095238095238,-0.63,0.0,2.52,0.1428571428571428,0.69,0.1428571428571428,19.054318129942747,0.5,-33.506369690903284,0.6666666666666666,35.88669023110065,0.1428571428571428,-5.641422940493452,0.1428571428571428,0,203.8429118896616,12.965195705693816,7.438772596936567,pr
2,2.5679218990052837,1.0333765912754314,3.1707748134473057,6.8417783985342355,4.2919180142275435,11.414469959334697,4,1,18,3.89,1.0,3.56,1.0,2.98,0.2857142857142857,2.69,0.2857142857142857,-100.63666313230615,0.5,-116.13231340933751,0.5,-2.8415346251349867,0.5,-11.081381437939354,0.5,5,117.8063798627679,74.98974308136488,0.027169177882735023,pr
3,1.3515198632908991,0.4300072695039718,6.429010410445363,10.168326330424435,20.967738011272623,82.39880338423005,60,9,112,1.98,0.07017543859649122,1.18,0.08771929824561403,2.62,0.3170731707317073,2.25,1.0,-4.395074827911942,0.6666666666666666,-5.708591404562435,0.5,-0.8419513330233624,1.0,-1.6599655497986348,0.38461538461538464,0,305.2625600952202,40.242871018002965,5.068929852427147,pr
