,mean_tp_pr,mean_st_pr,max_tp_pr,max_st_pr,sum_st_pr,sum_tp_pr,num_tp_pr,num_st_pr,num_trade_pr,max_st,max_st_power,min_st,min_st_power,max_tp,max_tp_power,min_tp,min_tp_power,value_front_intervals_pr_upper,value_front_intervals_pr_upper_power,value_front_intervals_pr_lower,value_front_intervals_pr_lower_power,value_back_intervals_pr_upper,value_back_intervals_pr_upper_power,value_back_intervals_pr_lower,value_back_intervals_pr_lower_power,diff_extereme,money,draw_down,score,methode
0,4.7206525447816725,5.914635233109714,11.615793562934504,18.44029332054591,127.38266919240915,115.90899707304824,24,7,342,19.16,0.0158730158730158,-6.19,1.0,12.15,0.0288461538461538,-0.36,0.0384615384615384,29.8311031666206,0.0454545454545454,-60.67744429234285,0.0909090909090909,35.66193707599535,0.25,-34.67294502616952,0.0625,8,-22.62238891403172,100.13403835415896,5.483870967741935e-07,pr
1,2.644080362801504,2.184069077699056,10.803641460920971,12.207913215934695,29.833001376209204,33.40491941599758,11,9,38,9.45,0.1428571428571428,-2.43,1.0,15.45,0.2,-0.99,0.2,0.0,0.0,0.0,0.0,0.0,0.0,0.0,0.0,0,108.92979509947097,74.21224496746963,0.0045211018530985,pr
2,1.6673372446419317,0.7094391425184938,3.5265458025310337,7.696334487005191,11.930836117292031,32.655303443731555,16,7,35,2.7,0.1,0.98,0.1,3.7,0.3333333333333333,2.12,0.6666666666666666,0.0,0.0,0.0,0.0,0.0,0.0,0.0,0.0,0,151.8111683160988,20.81664527329048,0.4716359593728768,pr
3,2.0559637411209226,0.1782507012661129,4.296198062313207,1.9729287573208956,4.164905687559866,45.25976408174326,22,4,34,0.97,0.0625,0.26,0.0625,4.35,0.5,2.37,0.5,0.0,0.0,0.0,0.0,0.0,0.0,0.0,0.0,0,202.7371459854585,12.03885296743104,25.122420331762115,pr
4,3.154784232550392,1.3867048516412654,10.65683097475945,21.343316930719308,32.30108573793117,93.90657135877238,30,5,70,10.97,0.5,-0.19,1.0,11.14,0.038461538461538464,4.18,0.07692307692307693,-0.10609116830406307,0.5714285714285714,-3.2462258754139537,0.2857142857142857,0.7839046580338118,0.3333333333333333,-1.2297162935019734,0.3333333333333333,0,280.86608593766164,88.86630681773777,0.27576224733763643,pr
