,mean_tp_pr,mean_st_pr,max_tp_pr,max_st_pr,sum_st_pr,sum_tp_pr,num_tp_pr,num_st_pr,num_trade_pr,max_st,max_st_power,min_st,min_st_power,max_tp,max_tp_power,min_tp,min_tp_power,value_front_intervals_pr_upper,value_front_intervals_pr_upper_power,value_front_intervals_pr_lower,value_front_intervals_pr_lower_power,value_back_intervals_pr_upper,value_back_intervals_pr_upper_power,value_back_intervals_pr_lower,value_back_intervals_pr_lower_power,diff_extereme,money,draw_down,score,methode
0,4.7206525447816725,5.914635233109714,11.615793562934504,18.44029332054591,127.38266919240915,115.90899707304824,24,7,342,19.16,0.0158730158730158,-6.19,1.0,12.15,0.0288461538461538,-0.36,0.0384615384615384,29.8311031666206,0.0454545454545454,-60.67744429234285,0.0909090909090909,35.66193707599535,0.25,-34.67294502616952,0.0625,8,-22.62238891403172,100.13403835415896,5.483870967741935e-07,pr
1,2.644080362801504,2.1840690776990557,10.803641460920973,12.207913215934697,29.833001376209204,33.40491941599758,11,9,38,9.45,0.14285714285714285,-2.43,1.0,15.45,0.2,-0.99,0.2,0.0,0.0,0.0,0.0,0.0,0.0,0.0,0.0,0,108.92979509947097,74.21224496746963,0.004521101853098503,pr
2,1.6673372446419317,0.7094391425184938,3.5265458025310337,7.696334487005191,11.930836117292033,32.655303443731555,16,7,35,2.7,0.1,0.98,0.1,3.7,0.3333333333333333,2.12,0.6666666666666666,0.0,0.0,0.0,0.0,0.0,0.0,0.0,0.0,0,151.8111683160988,20.81664527329048,0.47163595937287683,pr
