,mean_tp_pr,mean_st_pr,max_tp_pr,max_st_pr,sum_st_pr,sum_tp_pr,num_tp_pr,num_st_pr,num_trade_pr,max_st,max_st_power,min_st,min_st_power,max_tp,max_tp_power,min_tp,min_tp_power,value_front_intervals_pr_upper,value_front_intervals_pr_upper_power,value_front_intervals_pr_lower,value_front_intervals_pr_lower_power,value_back_intervals_pr_upper,value_back_intervals_pr_upper_power,value_back_intervals_pr_lower,value_back_intervals_pr_lower_power,diff_extereme,money,draw_down,score,methode
0,2.196516602649816,1.3689356429683104,6.03853465310114,13.610436691389236,24.44548366222448,48.0079215513284,21,4,25,0.0,0.0,0.0,0.0,0.0,0.0,0.0,0.0,0.0,0.0,0.0,0.0,0.0,0.0,0.0,0.0,0,158.9060947227598,19.1887437473556,0.0072817310506079,pr
1,0.6244739274272965,0.1648074266730027,12.013757535448544,1.2987576665097504,8.937573895010054,58.76464424049929,87,9,96,13.9,0.0476190476190476,9.95,0.0476190476190476,12.77,0.03125,9.31,0.0625,-1.3073668569896548,1.0,-1.7805365826235722,0.4,-0.4974289646542708,0.5,-0.8540293847684041,0.6666666666666666,0,247.41025928374995,7.03399170986842,22.909006863184683,pr
2,5.857486656491792,2.221814264350333,10.408332370492142,4.660682887036888,11.152947080430698,31.297781131674046,5,3,8,0.0,0.0,0.0,0.0,0.0,0.0,0.0,0.0,0.0,0.0,0.0,0.0,0.0,0.0,0.0,0.0,0,150.3620851281084,8.701775609076476,0.1291014424417021,pr
3,0.556800603012874,0.3748877175902763,1.4352407707945376,1.0123999059345006,1.9646142689566646,7.594794387604762,12,2,14,17.07,0.25,5.92,0.25,17.26,0.2,4.18,0.4,0.0,0.0,0.0,0.0,0.0,0.0,0.0,0.0,0,114.07545029662026,2.369370437259684,0.18958581304298477,pr
4,2.5329156493994445,0.8161735620164716,8.150092477161335,10.022918336724834,33.67892298324327,96.58577606201169,37,7,44,14.54,0.06666666666666667,11.38,0.06666666666666667,12.76,0.1111111111111111,9.72,0.1111111111111111,0.0,0.0,0.0,0.0,0.0,0.0,0.0,0.0,0,256.6068407982937,21.849143190573724,0.02429809575749299,pr
