,mean_tp_pr,mean_st_pr,max_tp_pr,max_st_pr,sum_st_pr,sum_tp_pr,num_tp_pr,num_st_pr,num_trade_pr,max_st,max_st_power,min_st,min_st_power,max_tp,max_tp_power,min_tp,min_tp_power,value_front_intervals_pr_upper,value_front_intervals_pr_upper_power,value_front_intervals_pr_lower,value_front_intervals_pr_lower_power,value_back_intervals_pr_upper,value_back_intervals_pr_upper_power,value_back_intervals_pr_lower,value_back_intervals_pr_lower_power,diff_extereme,money,draw_down,score,methode
0,2.7078461567154664,0.8509296755807995,3.3816371283398814,1.568077040598766,0.0,5.415692313430933,2,0,2,0.0,0.0,0.0,0.0,0.0,0.0,0.0,0.0,0,0,0,0,0,0,0,0,0,113.53923078357734,0.0,39.54384791264249,pr
1,3.326668590179488,0.951495406415355,9.69855880357656,3.0643747161954966,8.884073609672146,34.27485314033112,7,5,12,0.0,0.0,0.0,0.0,0.0,0.0,0.0,0.0,0,0,0,0,0,0,0,0,0,163.47694882664743,7.80737826266976,38.24732538238145,pr
2,0.6355108527490438,0.010701138879764609,2.4636510103193587,0.13897504211621395,0.0,17.158793024224185,27,0,27,13.57,0.1,5.1,0.1,15.37,0.16666666666666666,9.64,0.16666666666666666,0,0,0,0,0,0,0,0,0,142.89698256056053,0.0,78.45389855742307,pr
3,8.5877292079749,0.0,8.5877292079749,0.0,0.0,8.5877292079749,1,0,1,0.0,0.0,0.0,0.0,0.0,0.0,0.0,0.0,0,0,0,0,0,0,0,0,0,121.46932301993725,0.0,46.41588833612778,pr
