,mean_tp_pr,mean_st_pr,max_tp_pr,max_st_pr,sum_st_pr,sum_tp_pr,num_tp_pr,num_st_pr,num_trade_pr,max_st,max_st_power,min_st,min_st_power,max_tp,max_tp_power,min_tp,min_tp_power,value_front_intervals_pr_upper,value_front_intervals_pr_upper_power,value_front_intervals_pr_lower,value_front_intervals_pr_lower_power,value_back_intervals_pr_upper,value_back_intervals_pr_upper_power,value_back_intervals_pr_lower,value_back_intervals_pr_lower_power,diff_extereme,money,draw_down,score,methode
0,0.5351246604638524,0.2500711409300146,1.6860012381829763,1.835269534988016,4.6005184287812,25.67257350875901,45,4,49,25.53,0.0333333333333333,-0.6,0.4,24.81,0.1666666666666666,-2.62,0.4583333333333333,0.1923648057209144,1.0,-5.524765306226057,0.1428571428571428,1.2497796527229712,0.3333333333333333,-4.214220581774127,0.1666666666666666,0,152.68013769994445,4.213493519098005,0.0945807256078819,pr
1,3.01494141060465,0.5477762067126901,6.071359142606635,1.8783274879371346,6.306956298457694,42.529807481315906,10,7,17,22.68,0.25,-4.96,0.5,21.64,0.25,1.59,0.25,-0.8158375706000673,0.5,-5.82816713603474,0.5,0.7295311351616383,0.5,-3.5027537696227657,0.5,0,190.55712795714552,2.7316002551983676,0.7905398036756356,pr
2,1.740295001238155,0.18292153365580544,3.9209497414015013,2.1490825737812003,0.0,27.84472001981048,16,0,16,0.0,0.0,0.0,0.0,0.0,0.0,0.0,0.0,0.0,0.0,0.0,0.0,0.0,0.0,0.0,0.0,0,169.6118000495262,0.0,3.782027894137099,pr
3,0.5108905298740676,0.2844165126920175,3.198062444735106,1.1292934024418724,4.181648998111175,14.60252662533519,23,4,27,18.25,0.09090909090909091,2.04,0.2727272727272727,20.06,0.38461538461538464,3.97,0.15384615384615385,1.1811600075806865,0.2,-136.2229155312039,0.4,123.26875230932475,0.25,-55.66714717597543,0.25,0,126.05219406805999,2.7115740115999034,1.3601784460319901,pr
